term,label
Java,IT_TERM
JavaScript,IT_TERM
TypeScript,IT_TERM
C#,IT_TERM
PHP,IT_TERM
React,IT_TERM
Angular,IT_TERM
Vue.js,IT_TERM
Django,IT_TERM
Flask,IT_TERM
Laravel,IT_TERM
Spring Boot,IT_TERM
Node.js,IT_TERM
MySQL,IT_TERM
PostgreSQL,IT_TERM
MongoDB,IT_TERM
SQLite,IT_TERM
Oracle Database,IT_TERM
Git,IT_TERM
GitHub,IT_TERM
Docker,IT_TERM
Kubernetes,IT_TERM
Jenkins,IT_TERM
Postman,IT_TERM
Jira,IT_TERM
Figma,IT_TERM
AWS,IT_TERM
Microsoft Azure,IT_TERM
Google Cloud Platform,IT_TERM
Linux,IT_TERM
Windows Server,IT_TERM
Ubuntu,IT_TERM
REST API,IT_TERM
Machine Learning,IT_TERM
Data Structures,IT_TERM
Object-Oriented Programming,IT_TERM
Version Control,IT_TERM
Agile,IT_TERM
Scrum,IT_TERM
DevOps,IT_TERM
Computer Setup,IT_TERM
Computer Assembly,IT_TERM
PC Assembly,IT_TERM
Hardware Assembly,IT_TERM
Hardware Maintenance,IT_TERM
Hardware Installation,IT_TERM
Hardware Repair,IT_TERM
Hardware Troubleshooting,IT_TERM
Printer Installation,IT_TERM
Printer Repair,IT_TERM
Printer Troubleshooting,IT_TERM
Printer Driver,IT_TERM
Network Troubleshooting,IT_TERM
Database Management,IT_TERM
Database Schema,IT_TERM
Database Queries,IT_TERM
Database Seeder,IT_TERM
Database Connections,IT_TERM
Database Storage,IT_TERM
Database Normalization,IT_TERM
Schema Backup,IT_TERM
System Development,IT_TERM
System Testing,IT_TERM
System Debugging,IT_TERM
System Deployment,IT_TERM
System Maintenance,IT_TERM
System Encryption,IT_TERM
Backend API,IT_TERM
API Routes,IT_TERM
API Endpoints,IT_TERM
Livewire,IT_TERM
Spatie,IT_TERM
Composer,IT_TERM
PhpSpreadsheet,IT_TERM
Flutter,IT_TERM
Code Debugging,IT_TERM
Code Refactoring,IT_TERM
Bug Fixing,IT_TERM
Error Handling,IT_TERM
Form Validation,IT_TERM
Session Management,IT_TERM
RBAC,IT_TERM
Access Control,IT_TERM
Role Assignment,IT_TERM
Password Recovery,IT_TERM
Password Reset,IT_TERM
Email Verification,IT_TERM
Email Service,IT_TERM
Mailer,IT_TERM
Rate Limiting,IT_TERM
GitHub Workflow,IT_TERM
Git Commits,IT_TERM
Git Branches,IT_TERM
Merge Conflict,IT_TERM
CSS,IT_TERM
Responsive Design,IT_TERM
UI Components,IT_TERM
UI/UX Design,IT_TERM
UI Design,IT_TERM
UX Design,IT_TERM
Dashboard Interface,IT_TERM
Adobe Photoshop,IT_TERM
Interactive Map,IT_TERM
GeoJSON,IT_TERM
Geospatial,IT_TERM
Web Hosting,IT_TERM
InfinityFree,IT_TERM
Hosting Environment,IT_TERM
Web Server,IT_TERM
Server Settings,IT_TERM
Server Configuration,IT_TERM
Deployment Testing,IT_TERM
Production Deployment,IT_TERM
Computer Hardware Maintenance,IT_TERM
iClinicSys,IT_TERM
eGOV.PH,IT_TERM
GraphQL,IT_TERM
CAT6 UTP Cable,IT_TERM
LAN,IT_TERM
system design,IT_TERM
UI/UX,IT_TERM
database design,IT_TERM
data security,IT_TERM
authentication system,IT_TERM
coding,IT_TERM
programming,IT_TERM
debugging,IT_TERM
troubleshooting,IT_TERM
internet connection troubleshooting,IT_TERM
preventive maintenance,IT_TERM
code versioning,IT_TERM
load testing,IT_TERM
unit testing,IT_TERM
vulnerability scanning,IT_TERM
3D printing,IT_TERM
Canva Editing,IT_TERM
web deployment,IT_TERM
software updates,IT_TERM
security assessment,IT_TERM
vulnerability assessment,IT_TERM
Profiling & Inventory System,IT_TERM
Annual Investment Program (AIP) System,IT_TERM
PPMP system,IT_TERM
HTML,IT_TERM
Computer Programming,IT_TERM
Software Development,IT_TERM
Software Engineering,IT_TERM
Application Development,IT_TERM
Web Development,IT_TERM
Web Application Development,IT_TERM
Mobile Application Development,IT_TERM
Procedural Programming,IT_TERM
Structured Programming,IT_TERM
Algorithm Development,IT_TERM
Algorithm Design,IT_TERM
Code Development,IT_TERM
Code Implementation,IT_TERM
Code Integration,IT_TERM
Code Testing,IT_TERM
Software Testing,IT_TERM
Software Debugging,IT_TERM
Software Maintenance,IT_TERM
Software Deployment,IT_TERM
Database Administration,IT_TERM
Database Development,IT_TERM
Database Implementation,IT_TERM
Database Querying,IT_TERM
Database Security,IT_TERM
Database Backup,IT_TERM
Database Recovery,IT_TERM
Data Modeling,IT_TERM
Data Model,IT_TERM
Entity Relationship Diagram,IT_TERM
ER Diagram,IT_TERM
SQL,IT_TERM
SQL Queries,IT_TERM
SQL Database,IT_TERM
Relational Database,IT_TERM
Database Server,IT_TERM
Database Connection,IT_TERM
Database Migration,IT_TERM
Data Integration,IT_TERM
Systems Analysis,IT_TERM
System Analysis,IT_TERM
Systems Design,IT_TERM
Systems Development,IT_TERM
System Implementation,IT_TERM
System Integration,IT_TERM
System Configuration,IT_TERM
System Administration,IT_TERM
System Documentation,IT_TERM
System Architecture,IT_TERM
System Requirements,IT_TERM
Requirements Analysis,IT_TERM
Requirements Gathering,IT_TERM
Software Requirements,IT_TERM
Functional Requirements,IT_TERM
Computer Networking,IT_TERM
Computer Network,IT_TERM
Network Administration,IT_TERM
Network Configuration,IT_TERM
Network Installation,IT_TERM
Network Maintenance,IT_TERM
Network Security,IT_TERM
Network Infrastructure,IT_TERM
Network Devices,IT_TERM
Network Connection,IT_TERM
Network Monitoring,IT_TERM
Network Setup,IT_TERM
WAN,IT_TERM
IP Address,IT_TERM
IPv4,IT_TERM
IPv6,IT_TERM
TCP/IP,IT_TERM
DNS,IT_TERM
DHCP,IT_TERM
Router Configuration,IT_TERM
Switch Configuration,IT_TERM
Router Installation,IT_TERM
Network Cabling,IT_TERM
Ethernet,IT_TERM
Ethernet Cable,IT_TERM
CAT6 Cable,IT_TERM
Wi-Fi Configuration,IT_TERM
Computer Hardware,IT_TERM
Hardware Configuration,IT_TERM
Hardware Testing,IT_TERM
Hardware Upgrade,IT_TERM
Computer Installation,IT_TERM
Computer Configuration,IT_TERM
Computer Repair,IT_TERM
Computer Troubleshooting,IT_TERM
Peripheral Devices,IT_TERM
Computer Peripherals,IT_TERM
Motherboard Installation,IT_TERM
RAM Installation,IT_TERM
RAM Upgrade,IT_TERM
Hard Drive Installation,IT_TERM
SSD Installation,IT_TERM
Power Supply Installation,IT_TERM
Printer Configuration,IT_TERM
Printer Setup,IT_TERM
Information Security,IT_TERM
Cybersecurity,IT_TERM
Computer Security,IT_TERM
Information Security Assessment,IT_TERM
Security Configuration,IT_TERM
Security Testing,IT_TERM
Security Monitoring,IT_TERM
Access Management,IT_TERM
User Authentication,IT_TERM
Authorization,IT_TERM
Encryption,IT_TERM
Data Encryption,IT_TERM
Password Security,IT_TERM
Firewall Configuration,IT_TERM
Security Vulnerability,IT_TERM
Vulnerability Testing,IT_TERM
Web Application,IT_TERM
Web System,IT_TERM
Web Services,IT_TERM
Web Configuration,IT_TERM
Web Interface,IT_TERM
Frontend Development,IT_TERM
Backend Development,IT_TERM
Full-Stack Development,IT_TERM
HTTP,IT_TERM
HTTPS,IT_TERM
RESTful API,IT_TERM
API Development,IT_TERM
API Integration,IT_TERM
API Testing,IT_TERM
IT Infrastructure,IT_TERM
IT Infrastructure Management,IT_TERM
IT System Administration,IT_TERM
Server Administration,IT_TERM
Server Management,IT_TERM
Server Installation,IT_TERM
Server Maintenance,IT_TERM
Server Deployment,IT_TERM
Operating System Installation,IT_TERM
Operating System Configuration,IT_TERM
Operating System Maintenance,IT_TERM
Linux Administration,IT_TERM
Windows Administration,IT_TERM
Data Entry,CLERICAL_TERM
Entry Data,CLERICAL_TERM
Document Organization,CLERICAL_TERM
Document Filing,CLERICAL_TERM
Document Sorting,CLERICAL_TERM
Document Arrangement,CLERICAL_TERM
Document Handling,CLERICAL_TERM
Document Preparation,CLERICAL_TERM
Document Distribution,CLERICAL_TERM
Document Routing,CLERICAL_TERM
Document Review,CLERICAL_TERM
Document Checking,CLERICAL_TERM
Document Processing,CLERICAL_TERM
Document Forwarding,CLERICAL_TERM
Document Delivery,CLERICAL_TERM
Document Safekeeping,CLERICAL_TERM
Document Labeling,CLERICAL_TERM
File Organization,CLERICAL_TERM
File Arrangement,CLERICAL_TERM
File Filing,CLERICAL_TERM
File Checking,CLERICAL_TERM
Folder Organization,CLERICAL_TERM
Filing,CLERICAL_TERM
Record Management,CLERICAL_TERM
Record Keeping,CLERICAL_TERM
Record Organization,CLERICAL_TERM
Record Checking,CLERICAL_TERM
Records Management,CLERICAL_TERM
Incoming Documents,CLERICAL_TERM
Data Correction,CLERICAL_TERM
Data Recording,CLERICAL_TERM
Data Consolidation,CLERICAL_TERM
Data Organization,CLERICAL_TERM
Data Verification,CLERICAL_TERM
Savings Accounts,CLERICAL_TERM
Shares Accounts,CLERICAL_TERM
Account Balances,CLERICAL_TERM
Financial Transactions,CLERICAL_TERM
Payment Records,CLERICAL_TERM
Collection Reports,CLERICAL_TERM
Financial Records,CLERICAL_TERM
Beneficiary Records,CLERICAL_TERM
Scholarship Data,CLERICAL_TERM
PhilHealth Eligibility,CLERICAL_TERM
Client Payments,CLERICAL_TERM
Medicine Distribution,CLERICAL_TERM
Medicine Labeling,CLERICAL_TERM
Stock Transfer,CLERICAL_TERM
Transfer Slips,CLERICAL_TERM
Document Stamping,CLERICAL_TERM
Certificate Distribution,CLERICAL_TERM
Certificate Release,CLERICAL_TERM
ID Release,CLERICAL_TERM
ID Distribution,CLERICAL_TERM
Form Distribution,CLERICAL_TERM
Flyer Distribution,CLERICAL_TERM
Promotional Materials,CLERICAL_TERM
Office Documentation,CLERICAL_TERM
Office Coordination,CLERICAL_TERM
Meeting Materials,CLERICAL_TERM
Meeting Proceedings,CLERICAL_TERM
Student Enrollment,CLERICAL_TERM
Scholarship Records,CLERICAL_TERM
Police Clearance,CLERICAL_TERM
Audit Preparation,CLERICAL_TERM
Clearance Forms,CLERICAL_TERM
Exit Clearance Forms,CLERICAL_TERM
Public Notices,CLERICAL_TERM
Report Preparation,CLERICAL_TERM
Activity Documentation,CLERICAL_TERM
Photo Documentation,CLERICAL_TERM
Attendance Records,CLERICAL_TERM                    
Event Coordination,CLERICAL_TERM
Event Preparation,CLERICAL_TERM
Health Records,CLERICAL_TERM
Medical Inventory,CLERICAL_TERM
Client Satisfaction Survey,CLERICAL_TERM
Inventory Counting,CLERICAL_TERM
Inventory Organization,CLERICAL_TERM
Certificate Recognition,CLERICAL_TERM
OPT Plus,CLERICAL_TERM
Presentation Materials,CLERICAL_TERM
Meeting Transcription,CLERICAL_TERM
Materials Preparation,CLERICAL_TERM
Material Distribution,CLERICAL_TERM
Inventory Analysis,CLERICAL_TERM
Photocopying,CLERICAL_TERM
log books,CLERICAL_TERM
contracts,CLERICAL_TERM
received documents,CLERICAL_TERM
routed documents,CLERICAL_TERM
physical documents,CLERICAL_TERM
important documents,CLERICAL_TERM
passbooks,CLERICAL_TERM
PESO office book,CLERICAL_TERM
forms,CLERICAL_TERM
ID cards,CLERICAL_TERM
remarks,CLERICAL_TERM
encoding,CLERICAL_TERM
bookkeeping,CLERICAL_TERM
evaluation data,CLERICAL_TERM
Data evaluation,CLERICAL_TERM
PPMP,CLERICAL_TERM
financial/ledger accounts,CLERICAL_TERM
document scanning,CLERICAL_TERM
Data Input,CLERICAL_TERM
Data Encoding,CLERICAL_TERM
Record Filing,CLERICAL_TERM
Records Filing,CLERICAL_TERM
File Management,CLERICAL_TERM
Folder Management,CLERICAL_TERM
Document Management,CLERICAL_TERM
Document Recording,CLERICAL_TERM
Document Encoding,CLERICAL_TERM
Document Registration,CLERICAL_TERM
Document Tracking,CLERICAL_TERM
Document Retrieval,CLERICAL_TERM
File Retrieval,CLERICAL_TERM
Record Retrieval,CLERICAL_TERM
Record Updating,CLERICAL_TERM
Record Encoding,CLERICAL_TERM
Record Recording,CLERICAL_TERM
Record Verification,CLERICAL_TERM
Record Processing,CLERICAL_TERM
Record Maintenance,CLERICAL_TERM
Records Processing,CLERICAL_TERM
Records Verification,CLERICAL_TERM
Records Updating,CLERICAL_TERM
Information Encoding,CLERICAL_TERM
Information Recording,CLERICAL_TERM
Information Verification,CLERICAL_TERM
Information Updating,CLERICAL_TERM
Data Checking,CLERICAL_TERM
Data Updating,CLERICAL_TERM
Data Filing,CLERICAL_TERM
Data Compilation,CLERICAL_TERM
Data Transcription,CLERICAL_TERM
Document Compilation,CLERICAL_TERM
Document Verification,CLERICAL_TERM
File Processing,CLERICAL_TERM
File Verification,CLERICAL_TERM
File Sorting,CLERICAL_TERM
Record Sorting,CLERICAL_TERM
Record Arrangement,CLERICAL_TERM
Record Documentation,CLERICAL_TERM
Application Forms,CLERICAL_TERM
Registration Forms,CLERICAL_TERM
Request Forms,CLERICAL_TERM
Submission Forms,CLERICAL_TERM
Payment Transactions,CLERICAL_TERM
Inventory Data,CLERICAL_TERM
Inventory Reports,CLERICAL_TERM
Stock Inventory,CLERICAL_TERM
Attendance Data,CLERICAL_TERM
Attendance Sheets,CLERICAL_TERM
Attendance Forms,CLERICAL_TERM
Evaluation Forms,CLERICAL_TERM
Evaluation Records,CLERICAL_TERM
Evaluation Reports,CLERICAL_TERM
Clearance Processing,CLERICAL_TERM
Clearance Verification,CLERICAL_TERM
Certificate Processing,CLERICAL_TERM
Certificate Preparation,CLERICAL_TERM
Certificate Verification,CLERICAL_TERM
Certificate Issuance,CLERICAL_TERM
ID Preparation,CLERICAL_TERM
ID Processing,CLERICAL_TERM
ID Verification,CLERICAL_TERM
Office Filing,CLERICAL_TERM
Office Filing System,CLERICAL_TERM
Office Records Management,CLERICAL_TERM
Administrative Filing,CLERICAL_TERM
Administrative Processing,CLERICAL_TERM
Administrative Documentation,CLERICAL_TERM
Administrative Support,CLERICAL_TERM
Office Assistance,CLERICAL_TERM
Office Assistance Activities,CLERICAL_TERM
Scheduling,CLERICAL_TERM
Appointment Scheduling,CLERICAL_TERM
Meeting Scheduling,CLERICAL_TERM
Meeting Preparation,CLERICAL_TERM
Minutes Preparation,CLERICAL_TERM
Minutes of Meeting,CLERICAL_TERM
Correspondence,CLERICAL_TERM
Email Correspondence,CLERICAL_TERM
Letter Preparation,CLERICAL_TERM
Letter Distribution,CLERICAL_TERM
Receiving Documents,CLERICAL_TERM
Document Receiving,CLERICAL_TERM
Document Submission,CLERICAL_TERM
Document Release,CLERICAL_TERM
Form Processing,CLERICAL_TERM
Form Checking,CLERICAL_TERM
Form Verification,CLERICAL_TERM
Form Preparation,CLERICAL_TERM
Form Completion,CLERICAL_TERM
Photocopying Documents,CLERICAL_TERM
Printing Documents,CLERICAL_TERM
Scanning Documents,CLERICAL_TERM
Report Compilation,CLERICAL_TERM
Report Filing,CLERICAL_TERM
Report Submission,CLERICAL_TERM
Report Distribution,CLERICAL_TERM
Report Documentation,CLERICAL_TERM